{
  "size": [2048, 2048],
  "intrinsic": [
    [1490.952, 0, 987.6075, 0],
    [0, 1491.108, 1019.069, 0],
    [0, 0, 1, 0],
    [0, 0, 0, 1]
  ],
  "extrinsic": [
    [0.3737275, 0.09688602, 0.9224646, -1563.911],
    [-0.009716132, -0.9940662, 0.1083427, 801.9608],
    [0.9274878, -0.04945343, -0.3705685, 3517.316],
    [0, 0, 0, 1]
  ]
}
